ID,Work Item Type,Title 1,Title 2,Description,Assigned To,State,Tags,Activity,Original Estimate,Remaining Work,Completed Work,Priority,Story Points
74,User Story,HU 09 - Crear servicio,,,,New,,,,,,,
,Task,,[HU09-DATOS] Módulo de servicios: modelo de datos y migración Flyway (tabla services),"Tabla(s): services (id, business_id, name, description, duration_minutes, price_cop, active, created_by, created_at, updated_at; UNIQUE(business_id, lower(name)))<br>Convención: UUID, TIMESTAMPTZ y ON DELETE explícito (docs/conciliacion-modelo-bd-sprint-1.md). Incluye las pruebas del repositorio.",,New,,Development,3,3,,1,
,Task,,[HU09-API] Módulo de servicios: crear y listar los servicios del negocio (reglas de negocio y API REST),"Endpoints (propuesta; validar en el Día 1):<br>- POST /api/v1/businesses/{businessId}/services<br>- GET /api/v1/businesses/{businessId}/services<br>Reglas de negocio y casos de prueba: docs/sprint-2/azure-boards/trazabilidad-sprint-2.md.<br>Incluye autorización por rol/pertenencia, auditoría y pruebas unitarias y de integración (Definición de hecho).",,New,,Development,16,16,,1,
78,User Story,HU 13 - Consultar negocios y servicios,,,,New,,,,,,,
,Task,,[HU13-API] Catálogo de negocios y servicios: consulta paginada de negocios con sus servicios activos (reglas de negocio y API REST),"Endpoints (propuesta; validar en el Día 1):<br>- GET /api/v1/businesses?page=&amp;size=<br>- GET /api/v1/businesses/{businessId}<br>Reglas de negocio y casos de prueba: docs/sprint-2/azure-boards/trazabilidad-sprint-2.md.<br>Incluye autorización por rol/pertenencia, auditoría y pruebas unitarias y de integración (Definición de hecho).<br>Datos: (sin tablas nuevas; consultas sobre businesses y services)",,New,,Development,13,13,,1,
79,User Story,HU 14 - Registrar recurso,,,,New,,,,,,,
,Task,,[HU14-DATOS] Módulo de recursos: modelo de datos y migración Flyway (tabla resources),"Tabla(s): resources (id, business_id, name, type, active, created_at, updated_at; UNIQUE(business_id, lower(name)))<br>Convención: UUID, TIMESTAMPTZ y ON DELETE explícito (docs/conciliacion-modelo-bd-sprint-1.md). Incluye las pruebas del repositorio.",,New,,Development,3,3,,1,
,Task,,[HU14-API] Módulo de recursos: registrar y listar los recursos del negocio (reglas de negocio y API REST),"Endpoints (propuesta; validar en el Día 1):<br>- POST /api/v1/businesses/{businessId}/resources<br>- GET /api/v1/businesses/{businessId}/resources<br>Reglas de negocio y casos de prueba: docs/sprint-2/azure-boards/trazabilidad-sprint-2.md.<br>Incluye autorización por rol/pertenencia, auditoría y pruebas unitarias y de integración (Definición de hecho).",,New,,Development,16,16,,1,
83,User Story,HU 18 - Asignar recursos a un servicio,,,,New,,,,,,,
,Task,,[HU18-DATOS] Asignación de recursos a servicios: modelo de datos y migración Flyway (tabla service_resources),"Tabla(s): service_resources (service_id, resource_id, PK compuesta, FK ON DELETE CASCADE)<br>Convención: UUID, TIMESTAMPTZ y ON DELETE explícito (docs/conciliacion-modelo-bd-sprint-1.md). Incluye las pruebas del repositorio.",,New,,Development,3,3,,1,
,Task,,[HU18-API] Asignación de recursos a servicios: asignar y consultar los recursos de un servicio (reglas de negocio y API REST),"Endpoints (propuesta; validar en el Día 1):<br>- PUT /api/v1/services/{serviceId}/resources  {resourceIds:[...]}<br>- GET /api/v1/services/{serviceId}/resources<br>Reglas de negocio y casos de prueba: docs/sprint-2/azure-boards/trazabilidad-sprint-2.md.<br>Incluye autorización por rol/pertenencia, auditoría y pruebas unitarias y de integración (Definición de hecho).",,New,,Development,16,16,,1,
84,User Story,HU 19 - Definir horarios de atención de un recurso,,,,New,,,,,,,
,Task,,[HU19-DATOS] Horarios de atención de recursos: modelo de datos y migración Flyway (tabla resource_availability),"Tabla(s): resource_availability (id, resource_id, day_of_week 1-7, start_time, end_time; CHECK start&lt;end; sin traslapes por día)<br>Convención: UUID, TIMESTAMPTZ y ON DELETE explícito (docs/conciliacion-modelo-bd-sprint-1.md). Incluye las pruebas del repositorio.",,New,,Development,2,2,,1,
,Task,,[HU19-API] Horarios de atención de recursos: definir y consultar la disponibilidad semanal de un recurso (reglas de negocio y API REST),"Endpoints (propuesta; validar en el Día 1):<br>- PUT /api/v1/resources/{resourceId}/availability<br>- PUT /api/v1/resources/{resourceId}/availability/{dayOfWeek}<br>- GET /api/v1/resources/{resourceId}/availability<br>Reglas de negocio y casos de prueba: docs/sprint-2/azure-boards/trazabilidad-sprint-2.md.<br>Incluye autorización por rol/pertenencia, auditoría y pruebas unitarias y de integración (Definición de hecho).",,New,,Development,11,11,,1,
85,User Story,HU 20 - Consultar disponibilidad de un servicio,,,,New,,,,,,,
,Task,,[HU20-API] Motor de disponibilidad: consulta de los horarios libres de un servicio por fecha (cliente con sesión) (reglas de negocio y API REST),"Endpoints (propuesta; validar en el Día 1):<br>- GET /api/v1/services/{serviceId}/availability?date=yyyy-MM-dd   (pública, sin sesión)<br>Reglas de negocio y casos de prueba: docs/sprint-2/azure-boards/trazabilidad-sprint-2.md.<br>Incluye autorización por rol/pertenencia, auditoría y pruebas unitarias y de integración (Definición de hecho).<br>Datos: (sin tablas nuevas; consulta sobre resource_availability, service_resources y bookings)",,New,,Development,19,19,,1,
87,User Story,HU 22 - Crear reserva,,,,New,,,,,,,
,Task,,[HU22-DATOS] Módulo de reservas: modelo de datos y migración Flyway (tabla bookings),"Tabla(s): bookings (id, client_id, client_email, service_id, service_name, business_name, resource_id, start_at, end_at, status, cancel_reason, price_cop, created_at, cancelled_at) + EXCLUDE USING gist (anti-traslape por recurso) [requiere btree_gist]<br>Convención: UUID, TIMESTAMPTZ y ON DELETE explícito (docs/conciliacion-modelo-bd-sprint-1.md). Incluye las pruebas del repositorio.",,New,,Development,4,4,,1,
,Task,,[HU22-API] Módulo de reservas: crear reserva con anti-overbooking (reglas de negocio y API REST),"Endpoints (propuesta; validar en el Día 1):<br>- POST /api/v1/bookings  {serviceId, date, startTime, endTime[, resourceId]}<br>Reglas de negocio y casos de prueba: docs/sprint-2/azure-boards/trazabilidad-sprint-2.md.<br>Incluye autorización por rol/pertenencia, auditoría y pruebas unitarias y de integración (Definición de hecho).",,New,,Development,24,24,,1,
88,User Story,HU 23 - Consultar mis reservas,,,,New,,,,,,,
,Task,,[HU23-API] Módulo de reservas: consulta de las reservas del cliente (reglas de negocio y API REST),"Endpoints (propuesta; validar en el Día 1):<br>- GET /api/v1/bookings/me?status=&amp;page=&amp;size=<br>- GET /api/v1/users/{userId}/bookings (403 si no es el propio)<br>Reglas de negocio y casos de prueba: docs/sprint-2/azure-boards/trazabilidad-sprint-2.md.<br>Incluye autorización por rol/pertenencia, auditoría y pruebas unitarias y de integración (Definición de hecho).<br>Datos: (sin tablas nuevas)",,New,,Development,19,19,,1,
89,User Story,HU 24 - Consultar reservas del negocio,,,,New,,,,,,,
,Task,,[HU24-API] Módulo de reservas: consulta de las reservas del negocio (reglas de negocio y API REST),"Endpoints (propuesta; validar en el Día 1):<br>- GET /api/v1/businesses/{businessId}/bookings?from=&amp;to=&amp;status=&amp;page=&amp;size=<br>Reglas de negocio y casos de prueba: docs/sprint-2/azure-boards/trazabilidad-sprint-2.md.<br>Incluye autorización por rol/pertenencia, auditoría y pruebas unitarias y de integración (Definición de hecho).<br>Datos: (sin tablas nuevas)",,New,,Development,19,19,,1,
90,User Story,HU 25 - Cancelar reserva como cliente,,,,New,,,,,,,
,Task,,[HU25-API] Módulo de reservas: cancelación de la reserva por el cliente (reglas de negocio y API REST),"Endpoints (propuesta; validar en el Día 1):<br>- POST /api/v1/bookings/{bookingId}/cancellation<br>Reglas de negocio y casos de prueba: docs/sprint-2/azure-boards/trazabilidad-sprint-2.md.<br>Incluye autorización por rol/pertenencia, auditoría y pruebas unitarias y de integración (Definición de hecho).<br>Datos: (usa bookings: status, cancel_reason, cancelled_at)",,New,,Development,19,19,,1,
73,User Story,HU 08 - Definir antelación mínima de reserva,,,,New,,,,,,,
,Task,,[HU08-API] Configuración del negocio: antelación mínima de reserva por negocio (reglas de negocio y API REST),"Endpoints (propuesta; validar en el Día 1):<br>- PUT /api/v1/businesses/{businessId}/booking-lead-time  {hours}<br>- GET /api/v1/businesses/{businessId}<br>Reglas de negocio y casos de prueba: docs/sprint-2/azure-boards/trazabilidad-sprint-2.md.<br>Incluye autorización por rol/pertenencia, auditoría y pruebas unitarias y de integración (Definición de hecho).<br>Incluye su migración Flyway: businesses (+ min_advance_hours INT NOT NULL DEFAULT 1)",,New,,Development,13,13,,1,
81,User Story,HU 16 - Desactivar recurso,,,,New,,,,,,,
,Task,,[HU16-API] Módulo de recursos: desactivar un recurso con confirmación y cancelación de reservas futuras (reglas de negocio y API REST),"Endpoints (propuesta; validar en el Día 1):<br>- POST /api/v1/resources/{resourceId}/deactivation  {confirm:boolean}<br>Reglas de negocio y casos de prueba: docs/sprint-2/azure-boards/trazabilidad-sprint-2.md.<br>Incluye autorización por rol/pertenencia, auditoría y pruebas unitarias y de integración (Definición de hecho).<br>Datos: (usa resources.active y bookings)",,New,,Development,19,19,,2,
82,User Story,HU 17 - Reactivar recurso,,,,New,,,,,,,
,Task,,[HU17-API] Módulo de recursos: reactivar un recurso (reglas de negocio y API REST),"Endpoints (propuesta; validar en el Día 1):<br>- POST /api/v1/resources/{resourceId}/reactivation<br>Reglas de negocio y casos de prueba: docs/sprint-2/azure-boards/trazabilidad-sprint-2.md.<br>Incluye autorización por rol/pertenencia, auditoría y pruebas unitarias y de integración (Definición de hecho).<br>Datos: (usa resources.active)",,New,,Development,13,13,,2,
91,User Story,HU 26 - Cancelar reserva como proveedor,,,,New,,,,,,,
,Task,,[HU26-API] Módulo de reservas: cancelación de la reserva por el proveedor (reglas de negocio y API REST),"Endpoints (propuesta; validar en el Día 1):<br>- POST /api/v1/bookings/{bookingId}/provider-cancellation  {reason}<br>Reglas de negocio y casos de prueba: docs/sprint-2/azure-boards/trazabilidad-sprint-2.md.<br>Incluye autorización por rol/pertenencia, auditoría y pruebas unitarias y de integración (Definición de hecho).<br>Datos: (usa bookings: cancel_reason, cancel_note)",,New,,Development,19,19,,2,
92,User Story,HU 28 - Cancelar reservas futuras al eliminar un usuario,,,,New,,,,,,,
,Task,,[HU28-API] Identidad y reservas: cancelación de reservas futuras al eliminar un usuario (reglas de negocio y API REST),"Endpoints (propuesta; validar en el Día 1):<br>- DELETE /api/v1/users/{userId}  (extiende HU-05)<br>Reglas de negocio y casos de prueba: docs/sprint-2/azure-boards/trazabilidad-sprint-2.md.<br>Incluye autorización por rol/pertenencia, auditoría y pruebas unitarias y de integración (Definición de hecho).<br>Datos: (usa bookings; FKs hacia users/services/resources con SET NULL + snapshots)",,New,,Development,19,19,,2,
,User Story,TECH-01 · Seguridad de acceso: MFA y control de intentos,,"Cierra el MFA que quedó a medias en el Sprint 1 y protege registro, login y MFA contra fuerza bruta (OWASP A07). Detalle: docs/sprint-2/cierre-pendientes-sprint-1.md",,New,,,,,,1,8
,Task,,"[SEG-01] Autenticación multifactor (TOTP) obligatoria para administradores: enrolamiento forzoso, login en dos pasos y confirmación en operaciones sensibles","Hoy &#x27;obligatorio&#x27; solo genera un evento de auditoría. Política en ADR-004; diseño y matriz de pruebas en docs/sprint-2/cierre-pendientes-sprint-1.md §2.<br>Incluye:<br>- MFA-01: ADR-004: política de MFA (quién, enrolamiento obligatorio, step-up, recuperación)<br>- MFA-02: Enrolamiento obligatorio de ADMIN: sin MFA activo solo puede usar /auth/mfa/* y logout (403 MFA_ENROLLMENT_REQUIRED)<br>- MFA-03: Login en dos pasos: 401 MFA_REQUIRED cuando la contraseña es válida y falta el código<br>- MFA-04: Step-up MFA (header X-MFA-Code) en PATCH /users/{id}/role y DELETE /users/{id}<br>- MFA-09: Pruebas unitarias MFA: vectores RFC 6238, ventana ±1, replay, step-up, estados del enrolamiento<br>- MFA-10: Prueba de integración del flujo MFA completo (setup→activate→login con código→step-up) con Testcontainers<br>- MFA-11: Prueba manual E2E con app autenticadora real + colección Postman + evidencia",,Active,,Development,23,23,,1,
,Task,,"[SEG-02] Control de intentos reutilizable para registro, login y MFA (429 por origen)","Generaliza el limitador de registro (atómico) y lo aplica al login, al código MFA y a la confirmación de operaciones sensibles. OWASP A07.<br>Incluye:<br>- MFA-05: Límite de intentos en login y verificación MFA (429, por IP+correo)",,Closed,,Development,5,0,5,1,
,User Story,TECH-02 · Plataforma: CI/CD y calidad,,"Pipeline en GitHub Actions y análisis estático (SonarCloud) con los Quality Gates del Sprint 2: cobertura &gt;= 65%, deuda &lt;= 2 días, complejidad &lt; 50, severidad Minor+, 0 vulnerabilidades críticas.",,New,,,,,,1,5
,Task,,"[PLT-01] Pipeline CI/CD con GitHub Actions: build, pruebas, cobertura (JaCoCo), imagen Docker y entorno de pruebas desplegado","Disparo en PR a dev/main. El entorno de pruebas (Render) lo usa Calidad del 15 al 20 de octubre. Las pruebas de integración dependen de la base común con Testcontainers (SP1-05).<br>Incluye:<br>- CI-01: Workflow GitHub Actions: build + test + JaCoCo + build de imagen Docker (en .github/workflows/ci.yml)<br>- CI-03: Ajustar JaCoCo (exclusiones, reporte XML para Sonar) y verificar cobertura &gt;= 65%<br>- CI-07: Entorno de pruebas para Calidad (Render) con datos semilla y credenciales fuera del repo",,New,,Deployment,8,8,,1,
,Task,,[PLT-02] Análisis estático de calidad (SonarCloud) con los Quality Gates del Sprint 2,"Requiere permisos de administrador/owner de la organización de GitHub (Calidad ya los pidió). Incluye depurar los hallazgos iniciales.<br>Incluye:<br>- CI-02: Habilitar SonarCloud/SonarQube con los gates del Sprint 2 (requiere admin/owner de la organización GitHub)<br>- CI-04: Triage de hallazgos iniciales de Sonar: deuda &lt;= 2 días, complejidad &lt; 50, 0 vulnerabilidades críticas",,New,,Deployment,7,7,,1,
,User Story,"TECH-03 · Arquitectura, API y seguridad del Sprint 2",,"Documentación interactiva de la API (Swagger), modelo de datos coordinado con BD, diagramas y ADRs, y revisión OWASP Top 10: los entregables de Arquitectura de Software del Sprint 2.",,New,,,,,,1,8
,Task,,[ARQ-01] Documentación interactiva de la API (Swagger/OpenAPI),"Spike de compatibilidad de springdoc con Spring Boot 4.1/Jackson 3 (timebox 2 h), esquema Bearer, ejemplos y catálogo de errores del Sprint 2.<br>Incluye:<br>- API-01: Swagger/OpenAPI con springdoc 3.1.x: spike de compatibilidad con Spring Boot 4.1/Jackson 3, esquema Bearer, ejemplos y errores<br>- API-02: Documentar contratos y códigos de error del Sprint 2 (errores-api-sprint-2.md + ejemplos en Swagger)",,Closed,,Development,7,0,7,1,
,Task,,[ARQ-02] Modelo de datos del Sprint 2: convenciones y migraciones Flyway coordinadas con BD,"Convenciones (UUID, TIMESTAMPTZ, ON DELETE) y un único responsable de las migraciones V5+. El MER y las pruebas con volumen son entregables del equipo de BD.<br>Incluye:<br>- BD-01: Acordar convenciones (UUID, TIMESTAMPTZ, ON DELETE, nombres) y alinear el modelo formal con el esquema Flyway real<br>- BD-03: Modelo físico y DDL propuesto → migraciones Flyway V5+ revisadas por Arquisoft",,Active,,Design,7,7,,1,
,Task,,"[ARQ-03] Arquitectura del Sprint 2: diagrama de despliegue, diagrama de componentes y ADRs","Entregable explícito de Arquisoft para el Sprint 2. ADRs previstos: MFA (004), anti-overbooking (005) y retención de historial (006); los redacta Juan Esteban.<br>Incluye:<br>- DOC-01: Diagrama de despliegue (cliente, backend Spring Boot, PostgreSQL, Render, GitHub Actions, Sonar)<br>- DOC-02: Actualizar arquitectura: módulos service/resource/reservation y ADR-004 (MFA), ADR-005 (anti-overbooking), ADR-006 (retención de historial)<br>- DOC-03: Diagramas de componentes y paquetes del Sprint 2 con tabla de conexiones",,Active,,Design,12,12,,1,
,Task,,"[ARQ-04] Seguridad OWASP Top 10: revisión del código y endurecimiento (cabeceras, CORS, límites de entrada)","Matriz A01–A10 contra el código en docs/sprint-2/plan-de-trabajo-sprint-2.md §8.<br>Incluye:<br>- OWASP-01: Revisión OWASP Top 10 (A01–A10): matriz contra el código, hallazgos y correcciones<br>- OWASP-02: Cabeceras de seguridad, CORS explícito, límites de tamaño de payload y de paginación",,Active,,Development,9,9,,1,
